ai_severity_score,ai_confidence,recent_rainfall_mm,ndcu_district_cases,report_density,risk_score,risk_level
70.0,96.1,131.8,1054,6,76.9,High
70.0,59.7,25.7,140,1,34.6,Low
90.0,95.4,0.1,965,0,61.3,Medium
70.0,57.2,110.1,709,15,69.3,Medium
60.0,45.3,111.3,841,2,61.4,Medium
70.0,40.8,169.6,23,17,62.7,Medium
70.0,40.9,41.6,101,14,49.5,Medium
90.0,50.2,70.4,1035,5,75.4,High
60.0,73.5,5.6,411,11,49.2,Medium
0.0,75.5,8.1,305,15,31.7,Low
90.0,71.8,105.6,226,12,66.7,Medium
0.0,97.6,139.0,657,10,53.8,Medium
0.0,89.9,142.2,388,4,42.2,Medium
95.0,90.2,80.9,1066,15,89.8,High
70.0,79.5,119.9,693,7,70.4,High
70.0,97.3,152.8,1038,13,84.5,High
70.0,70.8,77.0,901,12,73.2,High
70.0,73.2,125.2,494,6,63.1,Medium
70.0,84.6,41.2,1193,6,63.9,Medium
95.0,87.7,114.0,655,11,78.6,High
0.0,95.0,97.1,199,0,29.5,Low
0.0,79.9,54.9,719,7,37.0,Low
75.0,68.6,124.6,693,14,76.1,High
75.0,63.8,11.7,451,19,55.3,Medium
60.0,81.1,128.2,961,16,81.1,High
60.0,77.4,122.5,1086,11,77.9,High
70.0,72.6,106.7,212,16,60.8,Medium
75.0,77.4,96.4,761,15,80.6,High
90.0,58.9,33.6,669,3,57.1,Medium
60.0,78.1,31.4,938,7,59.5,Medium
70.0,95.3,24.8,482,17,62.9,Medium
90.0,72.8,95.3,11,0,44.2,Medium
0.0,95.1,162.1,1024,8,64.9,Medium
90.0,90.5,72.8,637,10,69.0,Medium
95.0,86.3,120.4,263,2,63.2,Medium
95.0,56.8,55.0,831,2,63.9,Medium
75.0,53.2,128.2,810,13,81.1,High
75.0,90.1,118.4,1066,15,85.2,High
0.0,80.3,47.7,759,5,38.3,Low
95.0,65.6,63.0,293,14,65.8,Medium
70.0,51.5,130.0,668,3,63.3,Medium
0.0,96.3,171.7,527,2,44.5,Medium
90.0,96.2,59.5,311,2,52.0,Medium
60.0,68.6,67.1,575,2,48.7,Medium
75.0,45.7,110.7,863,1,62.3,Medium
60.0,90.1,24.6,255,15,49.1,Medium
75.0,57.5,75.6,930,12,70.6,High
0.0,81.1,9.1,480,14,36.6,Low
70.0,45.5,104.1,863,18,81.8,High
60.0,74.9,5.5,691,5,43.8,Medium
60.0,71.7,58.8,273,11,50.7,Medium
90.0,51.5,74.0,876,7,72.2,High
90.0,97.6,92.9,666,18,78.8,High
0.0,97.0,150.5,1022,0,54.4,Medium
0.0,74.4,45.0,1151,15,54.1,Medium
75.0,65.7,131.4,1109,15,92.2,High
0.0,73.4,61.5,1102,14,53.9,Medium
0.0,83.8,85.2,366,9,42.6,Medium
95.0,92.3,47.0,771,18,81.2,High
75.0,49.6,12.7,267,16,50.9,Medium
95.0,77.5,144.2,699,2,73.4,High
75.0,95.5,69.5,1076,11,82.6,High
60.0,52.7,67.9,508,17,58.8,Medium
60.0,89.8,4.2,427,18,53.7,Medium
60.0,47.0,125.4,1108,3,68.5,Medium
75.0,65.0,102.3,748,16,76.1,High
90.0,47.5,45.0,105,4,46.3,Medium
90.0,54.1,68.0,71,19,55.5,Medium
90.0,58.9,161.2,186,3,59.9,Medium
95.0,96.1,103.2,153,4,58.2,Medium
60.0,59.4,121.1,1184,15,78.3,High
75.0,66.1,159.8,244,10,65.2,Medium
0.0,74.0,137.1,501,16,52.1,Medium
90.0,81.7,14.6,1198,5,67.6,Medium
95.0,62.1,66.7,509,16,69.7,Medium
0.0,91.8,100.5,100,9,37.5,Low
95.0,46.6,88.7,662,17,74.8,High
0.0,73.3,116.9,1034,2,49.8,Medium
75.0,96.8,67.5,833,0,62.6,Medium
0.0,85.5,174.5,56,8,38.0,Low
60.0,57.4,179.2,665,10,70.1,High
75.0,56.4,33.9,99,7,44.6,Medium
70.0,74.4,14.0,50,3,29.8,Low
90.0,80.4,29.3,399,17,64.8,Medium
70.0,74.3,165.5,19,17,60.8,Medium
70.0,85.9,86.5,186,10,56.2,Medium
75.0,62.5,174.6,804,16,83.6,High
70.0,56.1,10.1,527,16,59.2,Medium
75.0,84.2,164.4,1056,4,82.2,High
70.0,54.2,36.9,10,18,48.6,Medium
60.0,52.2,158.1,497,1,54.6,Medium
75.0,70.7,139.0,277,0,54.3,Medium
75.0,73.1,157.8,410,15,68.5,Medium
90.0,77.7,144.9,112,5,60.3,Medium
75.0,97.8,109.5,807,14,83.3,High
60.0,70.3,141.1,1029,9,77.5,High
95.0,96.0,26.5,193,16,57.2,Medium
70.0,97.8,88.7,214,10,57.8,Medium
75.0,60.2,96.7,857,10,73.8,High
0.0,79.7,161.4,676,17,57.5,Medium
75.0,53.2,147.9,613,9,71.6,High
60.0,61.5,90.6,1106,14,72.6,High
75.0,44.8,157.2,840,15,82.7,High
90.0,84.1,33.2,728,14,71.5,High
70.0,68.6,111.3,87,1,48.0,Medium
95.0,70.2,95.8,815,2,68.2,Medium
70.0,46.2,132.7,37,9,56.2,Medium
0.0,85.0,42.0,34,3,18.5,Low
70.0,78.3,86.3,237,14,61.3,Medium
75.0,73.3,68.2,622,5,63.6,Medium
95.0,75.8,44.0,324,12,63.3,Medium
0.0,76.3,65.8,633,3,34.7,Low
95.0,45.2,145.1,832,8,81.3,High
70.0,98.0,20.2,477,10,53.3,Medium
95.0,88.2,46.4,513,5,62.7,Medium
75.0,73.7,50.4,335,3,48.5,Medium
70.0,69.9,43.6,568,0,44.2,Medium
75.0,49.1,86.6,268,0,47.7,Medium
70.0,66.8,98.7,181,1,48.9,Medium
60.0,80.2,136.8,920,5,70.8,High
70.0,60.6,167.3,327,11,67.9,Medium
95.0,52.1,68.3,522,7,62.5,Medium
90.0,42.8,140.7,882,4,74.9,High
0.0,92.8,119.7,583,3,41.7,Medium
60.0,74.7,122.9,625,13,71.1,High
75.0,65.9,103.9,154,0,48.8,Medium
70.0,71.4,12.0,113,18,41.8,Medium
60.0,83.1,124.9,1048,14,85.5,High
75.0,71.5,160.9,429,5,67.4,Medium
90.0,48.4,36.8,526,9,61.4,Medium
60.0,88.5,19.9,237,12,46.8,Medium
90.0,48.8,41.3,853,12,68.3,Medium
90.0,77.8,124.9,803,10,84.5,High
95.0,60.2,40.9,32,14,55.7,Medium
60.0,76.3,164.1,967,17,84.3,High
95.0,95.0,101.7,1166,4,80.7,High
90.0,49.0,103.7,1023,18,86.2,High
95.0,66.6,20.4,429,0,48.9,Medium
95.0,70.6,106.4,670,14,80.1,High
90.0,40.3,60.0,584,19,67.6,Medium
75.0,94.3,62.3,484,1,53.7,Medium
0.0,95.6,44.7,34,6,24.3,Low
0.0,70.9,56.1,294,10,29.4,Low
95.0,48.8,74.6,485,7,63.7,Medium
75.0,75.1,12.1,224,18,52.7,Medium
60.0,51.3,6.6,295,15,46.0,Medium
75.0,43.9,139.6,1019,1,67.7,Medium
70.0,85.2,18.5,934,6,68.3,Medium
90.0,56.1,161.5,171,0,59.2,Medium
0.0,76.2,41.6,452,7,34.6,Low
0.0,92.4,32.1,1016,7,44.9,Medium
90.0,90.5,149.4,461,19,81.6,High
75.0,52.1,52.8,953,17,74.4,High
70.0,92.7,147.1,755,1,66.6,Medium
70.0,42.0,149.5,814,5,68.9,Medium
95.0,53.0,175.4,602,9,81.0,High
75.0,98.1,84.8,745,16,82.9,High
90.0,81.2,72.5,503,3,53.4,Medium
0.0,95.2,124.4,814,10,56.8,Medium
90.0,69.4,12.1,1186,5,68.8,Medium
90.0,52.2,2.0,36,5,36.1,Low
75.0,69.2,103.2,931,13,81.6,High
0.0,74.7,132.8,828,3,48.3,Medium
95.0,82.6,109.9,107,14,71.1,High
95.0,48.0,87.1,760,19,79.6,High
90.0,96.4,27.8,210,1,45.9,Medium
0.0,72.1,131.1,70,10,34.1,Low
0.0,72.2,0.4,111,1,16.8,Low
0.0,78.8,145.3,826,16,62.7,Medium
0.0,85.2,157.1,670,16,61.8,Medium
75.0,80.8,152.9,475,11,74.5,High
0.0,85.9,164.8,344,6,43.7,Medium
60.0,94.5,174.8,736,17,84.2,High
75.0,78.4,65.6,629,12,60.0,Medium
0.0,89.5,61.2,192,11,36.2,Low
75.0,79.0,132.8,1194,15,88.9,High
70.0,91.7,75.2,748,9,66.8,Medium
95.0,44.1,1.7,38,16,46.1,Medium
70.0,68.3,113.0,386,9,60.9,Medium
75.0,83.2,0.6,1175,17,69.2,Medium
60.0,53.8,7.6,714,13,52.9,Medium
95.0,87.1,46.6,719,6,66.7,Medium
95.0,95.7,84.1,235,6,61.6,Medium
75.0,70.2,41.5,235,8,50.2,Medium
0.0,91.8,63.0,63,14,33.4,Low
75.0,71.0,46.8,428,17,57.8,Medium
70.0,98.8,161.5,790,14,84.3,High
70.0,56.1,85.8,930,1,65.1,Medium
95.0,87.8,117.9,964,1,73.7,High
60.0,82.7,89.3,463,4,50.6,Medium
60.0,80.3,13.7,602,17,49.2,Medium
75.0,88.7,62.6,49,12,50.8,Medium
60.0,91.8,143.5,101,0,48.2,Medium
60.0,54.1,167.4,365,5,56.9,Medium
0.0,94.7,173.0,770,18,62.4,Medium
95.0,40.1,100.1,598,11,73.4,High
0.0,78.0,111.0,1146,8,52.2,Medium
75.0,71.9,140.4,476,6,68.2,Medium
75.0,96.8,61.5,581,14,69.3,Medium
0.0,78.4,127.5,927,16,64.0,Medium
75.0,60.4,111.8,219,17,69.0,Medium
75.0,62.6,11.8,1066,5,58.5,Medium
70.0,88.3,45.5,747,3,54.0,Medium
0.0,92.3,124.9,893,1,43.7,Medium
90.0,53.6,23.6,858,11,63.3,Medium
60.0,82.7,134.3,1196,16,82.8,High
75.0,61.7,155.6,217,7,60.0,Medium
0.0,74.3,81.7,208,2,24.3,Low
90.0,57.4,164.1,387,2,64.0,Medium
0.0,86.8,109.3,530,5,38.2,Low
60.0,49.5,117.3,510,1,50.8,Medium
70.0,40.7,13.0,347,13,51.0,Medium
95.0,82.6,118.3,738,0,73.3,High
0.0,72.9,102.8,601,19,53.1,Medium
60.0,85.8,169.4,11,0,46.2,Medium
0.0,72.2,71.4,203,5,25.1,Low
75.0,80.7,144.1,1003,9,87.3,High
0.0,96.2,9.4,562,17,42.2,Medium
95.0,95.9,112.6,1117,14,92.4,High
90.0,66.7,115.8,818,9,80.9,High
70.0,82.8,106.8,918,12,74.6,High
70.0,83.9,156.9,318,18,75.0,High
0.0,70.6,117.6,558,8,42.6,Medium
70.0,53.0,75.3,362,6,51.4,Medium
70.0,91.2,130.9,966,19,90.2,High
90.0,69.8,97.8,956,8,80.8,High
70.0,82.8,87.6,587,14,69.2,Medium
60.0,74.9,164.2,539,7,68.2,Medium
90.0,53.9,139.7,109,15,72.9,High
70.0,70.2,74.3,1014,8,74.1,High
60.0,91.4,80.2,513,6,59.5,Medium
0.0,81.0,174.5,75,2,27.6,Low
75.0,59.2,139.2,310,14,69.8,Medium
70.0,59.5,80.8,853,8,66.3,Medium
70.0,54.7,111.1,522,19,72.8,High
70.0,71.5,140.7,165,14,61.0,Medium
95.0,52.1,20.1,343,1,45.2,Medium
0.0,87.9,40.4,494,4,29.4,Low
0.0,86.4,123.9,285,17,47.6,Medium
95.0,66.8,92.8,928,11,82.9,High
75.0,47.4,23.9,317,15,53.5,Medium
0.0,75.3,131.5,678,5,47.3,Medium
95.0,50.5,124.7,320,10,68.1,Medium
75.0,91.3,102.7,597,7,72.3,High
90.0,94.2,108.1,1086,15,88.9,High
75.0,99.0,8.7,1194,8,67.3,Medium
95.0,84.4,16.3,1192,8,72.9,High
90.0,94.6,78.9,406,8,63.2,Medium
60.0,91.3,67.6,831,6,59.7,Medium
75.0,62.9,80.8,314,16,58.3,Medium
70.0,40.9,105.7,977,13,79.8,High
75.0,72.0,171.3,463,11,74.0,High
0.0,84.7,44.3,792,10,45.9,Medium
90.0,96.4,3.3,416,10,58.9,Medium
0.0,88.1,161.6,802,3,51.4,Medium
0.0,83.6,46.2,503,14,42.5,Medium
75.0,74.3,16.1,679,17,64.8,Medium
90.0,70.8,22.2,1141,9,70.9,High
90.0,50.9,53.2,454,9,59.2,Medium
0.0,92.8,67.2,568,12,46.4,Medium
75.0,88.3,159.2,1059,8,81.7,High
70.0,93.4,138.6,1082,4,79.0,High
60.0,83.2,153.2,866,17,81.6,High
70.0,49.0,42.3,1141,1,58.6,Medium
70.0,71.6,32.1,814,14,65.0,Medium
75.0,55.2,113.8,450,1,53.8,Medium
60.0,75.2,121.7,646,6,66.5,Medium
75.0,59.9,163.0,630,13,75.9,High
60.0,78.1,107.2,82,7,45.6,Medium
75.0,66.1,149.7,965,4,74.1,High
0.0,87.9,48.8,76,11,25.3,Low
75.0,98.7,119.1,363,19,69.2,Medium
0.0,85.7,172.4,296,14,50.4,Medium
0.0,82.6,136.1,666,15,54.5,Medium
75.0,86.9,166.9,246,18,72.5,High
90.0,70.7,112.2,987,7,82.7,High
90.0,47.5,148.7,747,13,82.5,High
60.0,62.5,62.3,770,8,58.8,Medium
75.0,88.7,50.3,320,5,51.1,Medium
95.0,90.2,37.5,570,9,67.9,Medium
75.0,77.0,121.4,143,2,50.3,Medium
0.0,81.3,31.2,139,2,20.2,Low
60.0,97.6,115.4,802,0,63.1,Medium
75.0,85.1,31.5,908,2,62.0,Medium
70.0,48.6,66.2,926,1,54.9,Medium
0.0,91.7,22.0,101,12,26.7,Low
95.0,91.7,50.0,456,5,56.6,Medium
70.0,73.3,34.5,354,1,45.9,Medium
70.0,84.5,111.5,466,18,69.2,Medium
0.0,89.4,111.2,794,4,49.8,Medium
75.0,58.1,112.3,133,5,49.0,Medium
95.0,66.5,35.0,528,13,65.5,Medium
0.0,80.8,173.5,395,5,45.1,Medium
0.0,85.0,38.7,222,17,32.2,Low
75.0,51.7,11.6,681,3,45.8,Medium
75.0,69.5,47.9,638,3,52.9,Medium
95.0,54.4,117.3,563,9,71.0,High
75.0,65.8,45.8,1043,17,77.8,High
0.0,95.2,83.1,724,1,37.3,Low
60.0,92.5,81.1,476,4,48.6,Medium
90.0,70.2,122.4,854,7,79.3,High
0.0,72.0,2.2,157,7,17.3,Low
70.0,57.5,62.9,408,18,57.7,Medium
0.0,72.8,118.9,529,9,46.7,Medium
0.0,72.3,174.2,369,8,41.3,Medium
0.0,87.2,139.4,178,17,45.5,Medium
60.0,47.4,85.4,779,12,69.4,Medium
90.0,78.7,23.1,792,16,74.0,High
95.0,53.3,67.0,855,17,78.6,High
95.0,78.1,51.5,48,16,58.7,Medium
60.0,72.1,114.5,1031,7,73.4,High
0.0,71.5,57.6,671,10,45.6,Medium
60.0,71.8,131.0,779,14,73.1,High
60.0,64.4,136.5,705,2,62.2,Medium
60.0,73.3,124.0,117,14,58.3,Medium
0.0,85.6,146.1,524,0,43.7,Medium
60.0,51.4,158.4,482,9,66.1,Medium
75.0,80.6,67.5,509,3,56.7,Medium
0.0,91.3,6.4,218,13,24.8,Low
0.0,78.6,157.8,1134,3,53.1,Medium
70.0,78.0,140.5,1023,2,75.5,High
0.0,75.0,5.2,951,3,32.8,Low
0.0,80.9,72.4,592,3,40.0,Medium
0.0,76.3,126.5,775,1,45.1,Medium
75.0,75.5,4.1,924,16,66.2,Medium
75.0,84.0,176.8,1150,3,79.9,High
75.0,66.0,26.5,192,16,50.3,Medium
60.0,75.3,132.4,980,12,79.3,High
0.0,87.9,89.3,1080,14,62.6,Medium
70.0,73.7,105.8,509,9,63.4,Medium
60.0,41.5,4.4,263,12,42.4,Medium
90.0,43.3,153.5,931,18,90.1,High
70.0,67.2,86.6,926,9,71.8,High
75.0,42.9,162.7,940,0,71.1,High
90.0,40.4,10.3,695,11,61.8,Medium
75.0,96.4,12.4,885,9,63.5,Medium
60.0,55.4,44.5,279,9,47.7,Medium
70.0,85.8,11.8,605,17,59.3,Medium
95.0,48.2,95.8,1103,14,85.3,High
95.0,43.1,75.4,905,13,79.8,High
90.0,97.9,46.2,1164,4,68.6,Medium
95.0,75.9,62.9,434,0,61.4,Medium
0.0,76.3,45.2,336,0,19.5,Low
95.0,82.6,12.2,186,16,58.2,Medium
75.0,53.3,152.4,851,4,72.0,High
70.0,78.4,98.2,353,14,69.8,Medium
75.0,87.6,82.7,252,16,62.0,Medium
0.0,79.2,136.2,223,14,43.7,Medium
60.0,91.8,158.3,613,13,74.8,High
95.0,85.5,4.9,1077,0,58.8,Medium
70.0,87.1,66.9,610,17,68.6,Medium
0.0,75.2,16.9,517,8,28.5,Low
75.0,77.4,143.6,568,14,77.8,High
0.0,89.5,142.8,784,15,64.7,Medium
95.0,93.5,49.8,49,5,49.9,Medium
0.0,95.0,117.8,622,3,42.7,Medium
90.0,97.1,154.2,658,11,82.0,High
95.0,68.6,22.0,679,12,70.1,High
60.0,98.8,176.4,256,4,61.2,Medium
90.0,92.5,14.3,654,2,63.0,Medium
0.0,94.0,147.4,655,18,61.1,Medium
60.0,55.0,147.5,597,15,74.9,High
90.0,88.7,18.1,990,2,64.1,Medium
70.0,84.2,117.2,905,16,80.4,High
90.0,67.8,176.2,940,0,78.2,High
60.0,80.5,12.5,463,8,45.3,Medium
75.0,98.5,13.1,649,2,52.6,Medium
60.0,52.5,6.0,958,13,65.8,Medium
90.0,93.3,41.9,402,2,56.1,Medium
0.0,74.7,70.2,567,5,36.9,Low
60.0,62.5,23.2,605,16,56.9,Medium
95.0,57.2,163.9,293,19,77.6,High
95.0,76.7,100.7,642,18,81.6,High
0.0,76.8,2.2,829,13,46.3,Medium
75.0,57.5,54.0,231,8,50.3,Medium
75.0,92.6,33.4,704,15,71.1,High
60.0,86.9,6.2,1068,10,60.7,Medium
90.0,75.3,20.7,1068,16,77.4,High
0.0,96.8,4.5,352,14,30.3,Low
60.0,49.7,30.7,542,18,55.3,Medium
70.0,86.5,115.1,357,3,56.3,Medium
75.0,96.1,108.1,960,8,72.5,High
75.0,77.4,12.8,582,11,59.5,Medium
60.0,67.7,81.1,762,2,57.1,Medium
0.0,87.1,50.5,662,5,37.7,Low
60.0,67.3,78.9,713,9,62.8,Medium
60.0,95.0,71.5,826,8,66.0,Medium
95.0,73.9,5.3,788,13,72.6,High
95.0,47.8,49.5,10,7,42.6,Medium
95.0,82.1,109.4,611,6,68.6,Medium
95.0,82.6,155.3,183,12,72.4,High
75.0,87.2,119.3,494,18,75.9,High
75.0,72.4,162.1,341,18,74.5,High
75.0,80.0,65.1,919,17,76.7,High
0.0,73.2,27.8,780,19,48.9,Medium
75.0,88.9,178.4,267,16,75.0,High
75.0,71.4,80.8,995,4,69.7,Medium
60.0,83.0,117.4,286,10,56.5,Medium
70.0,79.7,49.6,1063,11,72.9,High
95.0,94.1,77.6,369,10,68.7,Medium
75.0,61.9,108.2,688,1,60.7,Medium
0.0,94.9,62.3,1181,18,54.8,Medium
0.0,88.1,114.6,1016,10,61.9,Medium
75.0,61.5,39.2,842,3,55.0,Medium
0.0,97.2,41.1,452,2,28.2,Low
0.0,70.9,69.8,271,14,38.2,Low
70.0,47.7,150.4,179,4,47.7,Medium
95.0,72.2,15.9,68,14,50.5,Medium
0.0,70.9,174.7,77,4,33.5,Low
75.0,85.0,150.1,956,2,73.9,High
60.0,55.3,35.0,350,13,47.2,Medium
90.0,72.1,29.7,492,12,64.3,Medium
75.0,68.8,72.3,282,2,48.8,Medium
75.0,76.6,36.2,529,4,54.5,Medium
70.0,72.0,41.0,73,1,37.2,Low
95.0,47.7,142.3,485,4,72.8,High
90.0,56.3,157.9,892,18,87.7,High
90.0,69.0,54.4,1135,10,76.2,High
60.0,84.9,69.6,724,18,71.5,High
95.0,64.0,149.0,781,6,80.8,High
95.0,51.8,19.7,125,12,54.3,Medium
95.0,43.7,159.0,452,4,67.7,Medium
75.0,77.0,166.7,729,17,88.3,High
90.0,80.9,24.2,135,15,56.1,Medium
90.0,59.7,131.9,66,14,69.2,Medium
0.0,70.2,168.7,197,8,36.3,Low
90.0,89.9,110.4,1137,8,81.3,High
75.0,41.4,55.1,919,12,71.4,High
95.0,44.3,171.9,1156,5,81.8,High
75.0,86.9,127.3,331,1,56.9,Medium
90.0,79.3,38.0,304,2,51.7,Medium
60.0,68.1,40.7,446,12,52.9,Medium
75.0,61.1,116.6,735,16,79.2,High
70.0,88.5,99.8,669,17,75.9,High
60.0,82.1,148.1,417,14,73.0,High
0.0,91.7,48.9,859,1,45.1,Medium
90.0,56.0,72.4,1000,16,80.7,High
60.0,81.7,11.3,827,7,55.4,Medium
0.0,76.9,133.4,1190,10,60.1,Medium
75.0,91.1,102.9,920,18,83.7,High
70.0,93.7,67.9,700,4,62.8,Medium
90.0,79.9,25.0,244,12,56.7,Medium
0.0,77.8,23.3,440,8,30.4,Low
75.0,42.8,64.8,880,8,64.7,Medium
70.0,46.5,114.2,236,11,58.3,Medium
70.0,82.5,66.8,1199,10,69.8,Medium
90.0,78.2,143.3,171,8,67.1,Medium
90.0,58.6,116.1,1182,7,78.1,High
70.0,74.2,15.4,244,2,41.1,Medium
90.0,72.1,18.0,567,12,64.1,Medium
70.0,59.9,3.5,877,13,61.8,Medium
70.0,71.3,107.1,550,10,59.6,Medium
95.0,42.5,71.6,128,15,60.8,Medium
95.0,47.4,3.1,184,8,50.1,Medium
0.0,77.4,3.2,674,0,22.9,Low
75.0,73.7,102.3,382,3,57.9,Medium
75.0,91.9,121.6,169,10,63.1,Medium
60.0,52.2,27.4,625,2,47.4,Medium
90.0,95.3,108.6,1112,11,87.1,High
95.0,44.5,65.8,1123,11,78.3,High
75.0,92.9,152.5,516,12,78.9,High
0.0,88.0,145.8,573,5,47.7,Medium
60.0,67.7,160.2,498,13,67.5,Medium
95.0,71.2,43.5,1155,13,79.0,High
0.0,77.7,145.3,219,13,40.1,Medium
0.0,74.6,80.2,502,10,44.5,Medium
75.0,48.1,179.1,59,10,62.8,Medium
0.0,87.8,89.7,705,11,46.6,Medium
60.0,65.8,106.8,320,5,52.2,Medium
0.0,92.2,163.4,628,10,55.0,Medium
75.0,97.7,136.3,1174,9,89.0,High
60.0,77.8,120.0,196,19,61.2,Medium
75.0,85.5,89.8,146,4,47.5,Medium
60.0,90.0,131.2,799,4,70.0,High
60.0,63.8,161.0,19,3,46.0,Medium
95.0,98.6,8.1,614,6,56.9,Medium
70.0,63.2,135.8,727,16,76.9,High
75.0,61.2,118.2,123,0,49.4,Medium
0.0,95.7,18.3,324,10,28.1,Low
95.0,48.7,122.3,742,3,73.1,High
75.0,65.8,104.4,108,11,54.7,Medium
70.0,92.8,170.4,561,4,70.7,High
70.0,86.0,85.7,763,19,73.5,High
60.0,75.0,5.9,484,3,39.4,Low
60.0,91.9,82.8,49,3,45.0,Medium
75.0,48.9,157.7,480,19,76.2,High
70.0,42.2,23.0,690,5,48.7,Medium
60.0,53.6,0.3,853,5,47.2,Medium
90.0,77.8,74.9,315,4,58.8,Medium
0.0,80.4,162.3,513,7,49.3,Medium
75.0,44.6,98.0,41,1,43.1,Medium
95.0,42.5,47.8,445,14,67.8,Medium
90.0,84.8,18.5,572,3,55.1,Medium
0.0,75.0,17.7,1034,14,50.0,Medium
75.0,83.0,155.1,772,8,76.7,High
60.0,97.7,154.2,570,11,70.3,High
75.0,65.7,98.9,972,14,74.5,High
95.0,40.9,140.8,497,13,77.1,High
90.0,97.2,78.8,737,18,81.4,High
75.0,65.3,55.6,399,7,58.0,Medium
0.0,92.4,99.5,725,15,54.4,Medium
60.0,91.4,121.1,849,6,68.4,Medium
60.0,95.2,153.1,1024,18,84.2,High
0.0,75.2,3.6,340,4,22.2,Low
70.0,76.7,60.1,578,13,60.6,Medium
70.0,45.0,60.0,735,4,57.4,Medium
0.0,75.8,68.7,298,12,37.9,Low
0.0,91.9,141.3,769,19,64.4,Medium
60.0,56.3,77.8,578,7,55.5,Medium
0.0,97.2,20.4,690,4,31.8,Low
0.0,86.3,36.8,1028,2,40.3,Medium
60.0,57.0,118.2,31,10,46.6,Medium
75.0,50.2,166.6,29,8,56.7,Medium
75.0,78.3,48.1,811,2,57.0,Medium
70.0,73.3,81.1,569,5,55.6,Medium
75.0,91.1,170.4,1187,9,83.3,High
75.0,52.6,169.0,926,3,76.5,High
70.0,40.9,104.9,826,8,70.7,High
70.0,96.5,71.8,55,9,48.5,Medium
75.0,69.4,133.7,699,2,68.5,Medium
95.0,45.0,145.3,376,14,75.9,High
70.0,98.8,41.3,52,8,49.1,Medium
60.0,82.1,16.5,378,14,49.9,Medium
60.0,54.6,11.3,70,17,40.0,Medium
90.0,75.8,121.1,347,15,76.3,High
70.0,69.1,51.0,513,13,59.7,Medium
70.0,70.3,45.6,612,13,64.9,Medium
70.0,52.2,143.9,304,16,66.1,Medium
95.0,94.0,154.8,577,1,70.0,High
90.0,65.2,79.7,101,17,63.4,Medium
90.0,57.3,79.9,781,6,68.9,Medium
95.0,46.2,137.6,983,5,79.3,High
75.0,55.4,28.7,1017,4,63.0,Medium
90.0,66.3,145.1,1162,3,83.4,High
95.0,66.2,99.6,286,19,70.8,High
60.0,87.8,141.5,631,9,70.7,High
70.0,56.0,41.7,890,8,63.2,Medium
90.0,92.2,62.1,423,8,57.7,Medium
0.0,88.9,32.3,504,15,41.1,Medium
0.0,72.3,3.4,244,9,27.1,Low
95.0,47.2,114.2,124,3,53.9,Medium
60.0,49.8,43.9,1160,18,68.0,Medium
60.0,84.2,102.9,372,8,53.5,Medium
75.0,81.1,126.4,458,17,69.2,Medium
60.0,72.3,103.6,102,15,56.9,Medium
70.0,95.1,79.0,865,16,78.4,High
60.0,63.1,161.2,1040,16,86.9,High
75.0,64.1,159.4,425,15,75.3,High
0.0,90.3,96.4,1126,15,61.0,Medium
60.0,71.4,91.9,668,1,54.4,Medium
70.0,68.6,2.4,951,7,55.6,Medium
90.0,90.0,98.2,1082,12,85.9,High
70.0,70.3,178.1,541,9,67.9,Medium
70.0,62.0,12.4,583,3,44.7,Medium
70.0,82.6,118.2,628,10,71.5,High
70.0,77.3,17.2,728,15,65.0,Medium
0.0,91.5,105.1,816,19,59.6,Medium
75.0,83.8,30.6,904,5,60.4,Medium
90.0,93.6,136.6,908,3,80.6,High
90.0,58.1,74.7,276,15,67.6,Medium
60.0,58.5,43.5,964,1,56.9,Medium
75.0,51.1,13.9,523,17,57.1,Medium
70.0,88.5,118.7,745,16,81.6,High
60.0,95.4,114.5,1162,12,77.1,High
90.0,67.3,50.1,932,3,68.2,Medium
70.0,98.0,141.6,349,11,70.7,High
0.0,76.1,83.5,543,5,39.7,Low
90.0,77.2,154.5,911,13,90.0,High
95.0,59.2,162.2,113,12,70.1,High
60.0,74.0,12.1,697,19,60.2,Medium
95.0,95.1,144.2,582,9,80.8,High
75.0,57.9,57.3,812,19,70.8,High
95.0,90.1,73.1,517,15,72.6,High
0.0,84.3,1.0,524,15,39.4,Low
70.0,63.7,70.3,77,18,58.1,Medium
70.0,53.5,107.4,660,13,68.9,Medium
70.0,76.5,114.0,910,18,80.8,High
95.0,67.2,169.2,1047,10,82.9,High
95.0,89.1,65.2,703,17,77.4,High
75.0,97.5,12.6,927,18,72.5,High
90.0,87.8,74.5,625,11,72.6,High
70.0,96.0,10.9,443,15,56.8,Medium
0.0,74.8,81.6,1151,19,58.5,Medium
70.0,63.7,27.7,814,16,67.8,Medium
60.0,94.4,105.0,885,7,74.6,High
0.0,76.5,164.8,349,19,53.3,Medium
60.0,80.8,107.4,985,12,80.1,High
95.0,47.4,36.1,474,14,62.6,Medium
75.0,76.5,169.3,894,13,84.2,High
95.0,88.2,153.5,934,18,95.2,High
75.0,86.6,74.9,579,1,54.9,Medium
95.0,44.4,78.9,1117,2,70.4,High
95.0,49.8,20.6,245,7,50.7,Medium
60.0,41.2,148.8,1082,3,66.9,Medium
75.0,43.7,37.9,1119,3,58.9,Medium
95.0,49.1,14.9,40,10,44.1,Medium
75.0,87.4,24.7,495,9,53.0,Medium
75.0,56.1,87.8,1178,0,64.9,Medium
70.0,58.1,148.0,115,1,54.8,Medium
75.0,79.4,139.9,115,14,65.2,Medium
